{
    "version": 2,
    "builds": [
        {
            "src": "src/main.ts",
            "use": "@vercel/node"
        }
    ],
    "routes": [
        {
            "src": "/(.*)",
            "dest": "src/main.ts",
            "methods": [
                "GET",
                "POST",
                "PUT",
                "DELETE"
            ],
            "headers": {
                "Access-Control-Allow-Origin": "*",
                "Access-Control-Allow-Headers": "X-CSRF-Token, X-Requested-With, Accept, Accept-Version, Content-Length, Content-MD5, Content-Type, Date, X-Api-Version"
            }
        }
    ]
}